<linker>
  <assembly fullname="Assembly-CSharp, Version=0.0.0.0, Culture=neutral, PublicKeyToken=null">
    <type fullname="AdaptivePattern" preserve="all" />
    <type fullname="ApplyStatusEffect" preserve="all" />
    <type fullname="CardBank" preserve="all" />
    <type fullname="CharacterObject" preserve="all" />
    <type fullname="CostPieceData" preserve="all" />
    <type fullname="CrackedCardData" preserve="all" />
    <type fullname="DealDamageEffect" preserve="all" />
    <type fullname="DealDamageEvent" preserve="all" />
    <type fullname="EffectActionGroup" preserve="all" />
    <type fullname="EffectPieceData" preserve="all" />
    <type fullname="EnemyTemplate" preserve="all" />
    <type fullname="GainArmorEvent" preserve="all" />
    <type fullname="GainHpEffect" preserve="all" />
    <type fullname="GainShieldEffect" preserve="all" />
    <type fullname="HeroTemplate" preserve="all" />
    <type fullname="HorizontalCutHandCardEvent" preserve="all" />
    <type fullname="LabelPieceData" preserve="all" />
    <type fullname="MoveCharacterAction" preserve="all" />
    <type fullname="PlayAnimationAction" preserve="all" />
    <type fullname="PlayParticlesAction" preserve="all" />
    <type fullname="RandomPattern" preserve="all" />
    <type fullname="RepeatPattern" preserve="all" />
    <type fullname="ShakeCharacterAction" preserve="all" />
    <type fullname="StatusTemplate" preserve="all" />
    <type fullname="VerticalCutHandCardEvent" preserve="all" />
    <type fullname="VoidCardEvent" preserve="all" />
    <type fullname="CardBankItem" preserve="nothing" serialized="true" />
    <type fullname="CardEventTuple" preserve="nothing" serialized="true" />
    <type fullname="EffectActionGroupManager" preserve="nothing" serialized="true" />
    <type fullname="EffectTuple.EffectTuple" preserve="nothing" serialized="true" />
    <type fullname="Probability" preserve="nothing" serialized="true" />
  </assembly>
  <assembly fullname="Unity.2D.Animation.Runtime, Version=0.0.0.0, Culture=neutral, PublicKeyToken=null">
    <type fullname="UnityEngine.U2D.Animation.SpriteLibrary" preserve="all" />
    <type fullname="UnityEngine.U2D.Animation.SpriteLibraryAsset" preserve="all" />
    <type fullname="UnityEngine.U2D.Animation.SpriteResolver" preserve="all" />
    <type fullname="UnityEngine.U2D.Animation.SpriteSkin" preserve="all" />
    <type fullname="UnityEngine.U2D.Animation.SpriteCategoryEntry" preserve="nothing" serialized="true" />
    <type fullname="UnityEngine.U2D.Animation.SpriteLibCategory" preserve="nothing" serialized="true" />
  </assembly>
  <assembly fullname="Unity.2D.IK.Runtime, Version=0.0.0.0, Culture=neutral, PublicKeyToken=null">
    <type fullname="UnityEngine.U2D.IK.IKManager2D" preserve="all" />
    <type fullname="UnityEngine.U2D.IK.LimbSolver2D" preserve="all" />
    <type fullname="UnityEngine.U2D.IK.IKChain2D" preserve="nothing" serialized="true" />
    <type fullname="UnityEngine.U2D.IK.IKManager2D/SolverEditorData" preserve="nothing" serialized="true" />
  </assembly>
  <assembly fullname="Unity.Addressables, Version=0.0.0.0, Culture=neutral, PublicKeyToken=null" preserve="all">
    <type fullname="UnityEngine.AddressableAssets.Addressables" preserve="all" />
  </assembly>
  <assembly fullname="Unity.ResourceManager, Version=0.0.0.0, Culture=neutral, PublicKeyToken=null" preserve="all">
    <type fullname="UnityEngine.ResourceManagement.ResourceProviders.AssetBundleProvider" preserve="all" />
    <type fullname="UnityEngine.ResourceManagement.ResourceProviders.BundledAssetProvider" preserve="all" />
    <type fullname="UnityEngine.ResourceManagement.ResourceProviders.InstanceProvider" preserve="all" />
    <type fullname="UnityEngine.ResourceManagement.ResourceProviders.LegacyResourcesProvider" preserve="all" />
    <type fullname="UnityEngine.ResourceManagement.ResourceProviders.SceneProvider" preserve="all" />
  </assembly>
  <assembly fullname="UnityEngine.AnimationModule, Version=0.0.0.0, Culture=neutral, PublicKeyToken=null">
    <type fullname="UnityEngine.AnimationClip" preserve="all" />
    <type fullname="UnityEngine.Animator" preserve="all" />
    <type fullname="UnityEngine.AnimatorOverrideController" preserve="all" />
    <type fullname="UnityEngine.RuntimeAnimatorController" preserve="all" />
  </assembly>
  <assembly fullname="UnityEngine.CoreModule, Version=0.0.0.0, Culture=neutral, PublicKeyToken=null">
    <type fullname="UnityEngine.GameObject" preserve="all" />
    <type fullname="UnityEngine.Material" preserve="all" />
    <type fullname="UnityEngine.Object" preserve="all" />
    <type fullname="UnityEngine.Rendering.SortingGroup" preserve="all" />
    <type fullname="UnityEngine.Shader" preserve="all" />
    <type fullname="UnityEngine.Sprite" preserve="all" />
    <type fullname="UnityEngine.SpriteRenderer" preserve="all" />
    <type fullname="UnityEngine.Texture2D" preserve="all" />
    <type fullname="UnityEngine.Transform" preserve="all" />
  </assembly>
  <assembly fullname="UnityEngine.ParticleSystemModule, Version=0.0.0.0, Culture=neutral, PublicKeyToken=null">
    <type fullname="UnityEngine.ParticleSystem" preserve="all" />
    <type fullname="UnityEngine.ParticleSystemRenderer" preserve="all" />
  </assembly>
  <assembly fullname="UnityEngine.Physics2DModule, Version=0.0.0.0, Culture=neutral, PublicKeyToken=null">
    <type fullname="UnityEngine.BoxCollider2D" preserve="all" />
  </assembly>
  <assembly fullname="UnityEngine.SpriteMaskModule, Version=0.0.0.0, Culture=neutral, PublicKeyToken=null">
    <type fullname="UnityEngine.SpriteMask" preserve="all" />
  </assembly>
</linker>